"orig","prev","curr","sp","notes","citation","name"
"Oreophryne anamiatoi Kraus & Allison, 2009","Oreophryne","Oreophryne","anamiatoi","Retained in Oreophryne","Kraus & Allison, 2009","Oreophryne anamiatoi"
"Phrynixalus anulatus Stejneger, 1908","Oreophryne","Oreophryne","anulata","Retained in Oreophryne","Stejneger, 1908","Phrynixalus anulatus"
"Oreophryne aurora Kraus, 2016","Oreophryne","Oreophryne","aurora","Retained in Oreophryne","Kraus, 2016","Oreophryne aurora"
"Sphenophryne biroi Méhely, 1897","Oreophryne","Oreophryne","biroi","Retained in Oreophryne","Méhely, 1897","Sphenophryne biroi"
"Hylella brachypus Werner, 1898","Oreophryne","Oreophryne","brachypus","Retained in Oreophryne","Werner, 1898","Hylella brachypus"
"Oreophryne cameroni Kraus, 2013","Oreophryne","Oreophryne","cameroni","Retained in Oreophryne","Kraus, 2013","Oreophryne cameroni"
"Cophixalus geislerorum Boettger, 1892","Oreophryne","Oreophryne","geislerorum","Retained in Oreophryne","Boettger, 1892","Cophixalus geislerorum"
"Oreophryne graminis Günther & Richards, 2012","Oreophryne","Oreophryne","graminis","Retained in Oreophryne","Günther & Richards, 2012","Oreophryne graminis"
"Oreophryne inornata Zweifel, 1956","Oreophryne","Oreophryne","inornata","Retained in Oreophryne","Zweifel, 1956","Oreophryne inornata"
"Oreophryne lemur Kraus, 2016","Oreophryne","Oreophryne","lemur","Retained in Oreophryne","Kraus, 2016","Oreophryne lemur"
"Sphenophryne loriae Boulenger, 1898","Oreophryne","Oreophryne","loriae","Retained in Oreophryne","Boulenger, 1898","Sphenophryne loriae"
"Microhyla achatina var. moluccensis Peters and Doria, 1878","Oreophryne","Oreophryne","moluccensis","Retained in Oreophryne","Peters and Doria, 1878","Microhyla achatina var. moluccensis"
"Oreophryne nana Brown & Alcala, 1967","Oreophryne","Oreophryne","nana","Retained in Oreophryne","Brown & Alcala, 1967","Oreophryne nana"
"Oreophryne notata Zweifel, 2003","Oreophryne","Oreophryne","notata","Retained in Oreophryne","Zweifel, 2003","Oreophryne notata"
"Oreophryne parkeri Loveridge, 1955","Oreophryne","Oreophryne","parkeri","Retained in Oreophryne","Loveridge, 1955","Oreophryne parkeri"
"Oreophryne parkopanorum Kraus, 2013","Oreophryne","Oreophryne","parkopanorum","Retained in Oreophryne","Kraus, 2013","Oreophryne parkopanorum"
"Oreophryne philosylleptoris Kraus, 2016","Oreophryne","Oreophryne","philosylleptoris","Retained in Oreophryne","Kraus, 2016","Oreophryne philosylleptoris"
"Oreophryne brunnea Kraus, 2017","Oreophryne","Auparoparo","brunnea","Transferred to Auparoparo","Kraus, 2017","Oreophryne brunnea"
"Oreophryne equus Kraus, 2016","Oreophryne","Auparoparo","equus","Transferred to Auparoparo","Kraus, 2016","Oreophryne equus"
"Oreophryne ezra Kraus & Allison, 2009","Oreophryne","Auparoparo","ezra","Transferred to Auparoparo","Kraus & Allison, 2009","Oreophryne ezra"
"Oreophryne gagneorum Kraus, 2013","Oreophryne","Auparoparo","gagneorum","Transferred to Auparoparo","Kraus, 2013","Oreophryne gagneorum"
"Oreophryne insulana Zweifel, 1956","Oreophryne","Auparoparo","insulana","Transferred to Auparoparo","Zweifel, 1956","Oreophryne insulana"
"Oreophryne matawan Kraus, 2016","Oreophryne","Auparoparo","matawan","Transferred to Auparoparo","Kraus, 2016","Oreophryne matawan"
"Oreophryne meliades Kraus, 2016","Oreophryne","Auparoparo","meliades","Transferred to Auparoparo","Kraus, 2016","Oreophryne meliades"
"Oreophryne penelopeia Kraus, 2016","Oreophryne","Auparoparo","penelopeia","Transferred to Auparoparo","Kraus, 2016","Oreophryne penelopeia"
"Oreophryne phoebe Kraus, 2017","Oreophryne","Auparoparo","phoebe","Transferred to Auparoparo","Kraus, 2017","Oreophryne phoebe"
"Oreophryne picticrus Kraus, 2016","Oreophryne","Auparoparo","picticrus","Transferred to Auparoparo","Kraus, 2016","Oreophryne picticrus"
"Sphenophryne variabilis Boulenger, 1896","Oreophryne","Auparoparo","variabilis","Transferred to Auparoparo","Boulenger, 1896","Sphenophryne variabilis"
"Oreophryne albitympanum Günther, Richards, and Tjaturadi, 2018","Oreophryne","incertae sedis","albitympanum","","Günther, Richards, and Tjaturadi, 2018","Oreophryne albitympanum"
"Oreophryne albomaculata Günther, Richards, and Dahl, 2014","Oreophryne","incertae sedis","albomaculata","","Günther, Richards, and Dahl, 2014","Oreophryne albomaculata"
"Sphenophryne albopunctata Van Kampen, 1909","Oreophryne","incertae sedis","albopunctata","","Van Kampen, 1909","Sphenophryne albopunctata"
"Oreophryne alticola Zweifel, Cogger, and Richards, 2005","Oreophryne","incertae sedis","alticola","","Zweifel, Cogger, and Richards, 2005","Oreophryne alticola"
"Oreophryne ampelos Kraus, 2011","Oreophryne","incertae sedis","ampelos","","Kraus, 2011","Oreophryne ampelos"
"Oreophryne anser Kraus, 2016","Oreophryne","incertae sedis","anser","","Kraus, 2016","Oreophryne anser"
"Sphenophryne anthonyi Boulenger, 1897","Oreophryne","incertae sedis","anthonyi","","Boulenger, 1897","Sphenophryne anthonyi"
"Oreophryne asplenicola Günther, 2003","Oreophryne","incertae sedis","asplenicola","","Günther, 2003","Oreophryne asplenicola"
"Oreophryne atrigularis Günther, Richards, and Iskandar, 2001","Oreophryne","incertae sedis","atrigularis","","Günther, Richards, and Iskandar, 2001","Oreophryne atrigularis"
"Oreophryne banshee Kraus, 2016","Oreophryne","incertae sedis","banshee","","Kraus, 2016","Oreophryne banshee"
"Oreophryne brevicrus Zweifel, 1956","Oreophryne","incertae sedis","brevicrus","","Zweifel, 1956","Oreophryne brevicrus"
"Oreophryne brevirostris Zweifel, Cogger, and Richards, 2005","Oreophryne","incertae sedis","brevirostris","","Zweifel, Cogger, and Richards, 2005","Oreophryne brevirostris"
"Sphenophryne celebensis Müller, 1894","Oreophryne","incertae sedis","celebensis","","Müller, 1894","Sphenophryne celebensis"
"Oreophryne choerophrynoides Günther, 2015","Oreophryne","incertae sedis","choerophrynoides","","Günther, 2015","Oreophryne choerophrynoides"
"Oreophryne chlorops Günther, Iskandar, and Richards, 2023","Oreophryne","incertae sedis","chlorops","","Günther, Iskandar, and Richards, 2023","Oreophryne chlorops"
"Oreophryne clamata Günther, 2003","Oreophryne","incertae sedis","clamata","","Günther, 2003","Oreophryne clamata"
"Cophixalus crucifer Van Kampen, 1913","Oreophryne","incertae sedis","crucifer","","Van Kampen, 1913","Cophixalus crucifer"
"Oreophryne curator Günther, Richards, and Dahl, 2014","Oreophryne","incertae sedis","curator","","Günther, Richards, and Dahl, 2014","Oreophryne curator"
"Oreophryne flava Parker, 1934","Oreophryne","incertae sedis","flava","","Parker, 1934","Oreophryne flava"
"Oreophryne flavomaculata Günther and Richards, 2016","Oreophryne","incertae sedis","flavomaculata","","Günther and Richards, 2016","Oreophryne flavomaculata"
"Callula frontifasciata Horst, 1883","Oreophryne","incertae sedis","frontifasciata","","Horst, 1883","Callula frontifasciata"
"Oreophryne furu Günther, Richards, Tjaturadi, and Iskandar, 2009","Oreophryne","incertae sedis","furu","","Günther, Richards, Tjaturadi, and Iskandar, 2009","Oreophryne furu"
"Oreophryne geminus Zweifel, Cogger, and Richards, 2005","Oreophryne","incertae sedis","geminus","","Zweifel, Cogger, and Richards, 2005","Oreophryne geminus"
"Oreophryne habbemensis Zweifel, Cogger, and Richards, 2005","Oreophryne","incertae sedis","habbemensis","","Zweifel, Cogger, and Richards, 2005","Oreophryne habbemensis"
"Oreophryne hypsiops Zweifel, Menzies, and Price, 2003","Oreophryne","incertae sedis","hypsiops","","Zweifel, Menzies, and Price, 2003","Oreophryne hypsiops"
"Oreophryne idenburgensis Zweifel, 1956","Oreophryne","incertae sedis","idenburgensis","","Zweifel, 1956","Oreophryne idenburgensis"
"Oreophryne jeffersoniana Dunn, 1928","Oreophryne","incertae sedis","jeffersoniana","","Dunn, 1928","Oreophryne jeffersoniana"
"Oreophryne kampeni Parker, 1934","Oreophryne","incertae sedis","kampeni","","Parker, 1934","Oreophryne kampeni"
"Oreophryne kapisa Günther, 2003","Oreophryne","incertae sedis","kapisa","","Günther, 2003","Oreophryne kapisa"
"Sphenophryne mertoni Roux, 1910","Oreophryne","incertae sedis","mertoni","","Roux, 1910","Sphenophryne mertoni"
"Oreophryne minuta Richards and Iskandar, 2000","Oreophryne","incertae sedis","minuta","","Richards and Iskandar, 2000","Oreophryne minuta"
"Sphenophryne monticola Boulenger, 1897","Oreophryne","incertae sedis","monticola","","Boulenger, 1897","Sphenophryne monticola"
"Oreophryne nicolasi Richards and Günther, 2019","Oreophryne","incertae sedis","nicolasi","","Richards and Günther, 2019","Oreophryne nicolasi"
"Oreophryne oviprotector Günther, Richards, Bickford, and Johnston, 2012","Oreophryne","incertae sedis","oviprotector","","Günther, Richards, Bickford, and Johnston, 2012","Oreophryne oviprotector"
"Oreophryne pseudasplenicola Günther, 2003","Oreophryne","incertae sedis","pseudasplenicola","","Günther, 2003","Oreophryne pseudasplenicola"
"Oreophryne pseudunicolor Günther and Richards, 2016","Oreophryne","incertae sedis","pseudunicolor","","Günther and Richards, 2016","Oreophryne pseudunicolor"
"Oreophryne purari Günther, Nagombi, and Richards, 2025","Oreophryne","incertae sedis","purari","","Günther, Nagombi, and Richards, 2025","Oreophryne purari"
"Oreophryne roedeli Günther, 2015","Oreophryne","incertae sedis","roedeli","","Günther, 2015","Oreophryne roedeli"
"Oreophryne rookmaakeri Mertens, 1927","Oreophryne","incertae sedis","rookmaakeri","","Mertens, 1927","Oreophryne rookmaakeri"
"Oreophryne riyantoi Putri, Trilaksono, Kurniati, Engilis, and Hamidy, 2023","Oreophryne","incertae sedis","riyantoi","","Putri, Trilaksono, Kurniati, Engilis, and Hamidy, 2023","Oreophryne riyantoi"
"Oreophryne sibilans Günther, 2003","Oreophryne","incertae sedis","sibilans","","Günther, 2003","Oreophryne sibilans"
"Oreophryne streiffeleri Günther and Richards, 2012","Oreophryne","incertae sedis","streiffeleri","","Günther and Richards, 2012","Oreophryne streiffeleri"
"Oreophryne terrestris Zweifel, Cogger, and Richards, 2005","Oreophryne","incertae sedis","terrestris","","Zweifel, Cogger, and Richards, 2005","Oreophryne terrestris"
"Oreophryne unicolor Günther, 2003","Oreophryne","incertae sedis","unicolor","","Günther, 2003","Oreophryne unicolor"
"Oreophryne waira Günther, 2003","Oreophryne","incertae sedis","waira","","Günther, 2003","Oreophryne waira"
"Oreophryne wapoga Günther, Richards, and Iskandar, 2001","Oreophryne","incertae sedis","wapoga","","Günther, Richards, and Iskandar, 2001","Oreophryne wapoga"
"Hylella wolterstorffi Werner, 1901","Oreophryne","incertae sedis","wolterstorffi","","Werner, 1901","Hylella wolterstorffi"
"Oreophryne zimmeri Ahl, 1933","Oreophryne","incertae sedis","zimmeri","","Ahl, 1933","Oreophryne zimmeri"
